Artiest,Man?,Group
4 Tune Fairytales,Man,Group
A Great Big World Ft Christina Aguilera,?,Featuring
Acid,Man,Group
Alan Jackson,Man,Person
Alex Harvey,Man,Person
Alizee,Vrouw,Person
Alvaro Soler,Man,Person
Alvaro Soler & Topic,?,Featuring
Alvin Stardust,Man,Person
Amen Corner,Man,Group
American Authors,Man,Group
Amii Stewart,Vrouw,Person
Aphrodite's Child,Man,Group
Argent,Man,Group
Aronchupa,Man,Person
Ashford & Simpson,?,Featuring
Asleep At The Wheel,Man,Group
Atb & Topic & A7S,?,Featuring
Atb X Topic X A7S,Man,Person
Aventura,Man,Group
Azoto,Man,Group
B.F.I.,Man,Group
Babyface,Man,Person
Bad English,Man,Group
Bananarama,Vrouw,Group
Banners,Man,Person
BAP,Man,Group
Barclay James Harvest,Man,Group
Barry & Eileen,?,Featuring
Barry Ryan,Man,Person
Barthezz,?,Person
Basto!,Man,Person
Bazart/Pommelien Thijs,?,Featuring
Beats International,Man,Group
Bennet Bee,Man,Group
Bennett,Man,Person
Berlin,Man,Group
Bicep,Man,Group
Bit Machine & Daisy Dee,?,Featuring
Black Box,Man,Group
Bob Sinclar & Sugarhill Gang,?,Featuring
Bobby Womack,Man,Person
Bomb The Bass,Man,Group
Bow Wow Wow,Man,Group
Bread,Man,Group
Brian May,Man,Person
BRTHR,Man,Group
Bucketheads,Man,Person
Calvin Harris & Dua Lipa,?,Featuring
Cameo,Man,Group
Caribou,Man,Person
Carl Douglas,Man,Person
Cassö & Raye & D-Block Europe,?,Featuring
Cb Milton,Man,Person
Celvin Rotane,Man,Person
Chainsmokers Ft Coldplay,?,Featuring
Charli XCX,Vrouw,Person
Cheap Trick,Man,Group
Christian Lopez,Man,Person
Christopher Cross,Man,Person
Clarence Clemons & Jackson Browne,?,Featuring
Class Action,Vrouw,Group
Clout,Vrouw,Group
Cnco & Little Mix,?,Featuring
Coldcut ft. Lisa Stansfield,?,Featuring
Colonel Abrams,Man,Person
Communards,Man,Group
Conquistador,Man,Group
Contours,Man,Person
Coolio & Lv,?,Featuring
Corona,Man,Group
"Cotton, Lloyd & Christian",?,Featuring
Crown Heights Affair,Man,Group
Damien Rice,Man,Person
Dave,Man,Person
Dave Dee Dozy Beaky Mick & Tich,?,Featuring
Dave Edmunds,Man,Person
David Dundas,Man,Person
De Poema's,Vrouw,Group
Dennis van Aarssen,Man,Person
Divine,Man,Person
Dj Snake Ft Justin Bieber,?,Featuring
Django Wagner,Man,Person
DNCE,Man,Group
Dodgy,Man,Group
Donald Fagen,Man,Person
Dr. Buzzard's Original Savannah Band,Man,Group
Drifters,?,Featuring
Duke,Man,Person
Eddie Money,Man,Person
Edward Maya & Vika Jigulina,?,Featuring
El Debarge,Man,Person
ELLIOTT SMITH,Man,Person
Elmer,Man,Person
Elvin Bishop,Man,Person
Erik Mesie,Man,Person
"Evelyn ""Champagne"" King",Vrouw,Person
Everything But The Girl,Man,Group
Exile,Man,Group
Ezra Glatt,Vrouw,Person
Fairground Attraction,Man,Group
Fedez,Man,Person
Fischer Z,Man,Group
Fischer-Z,Man,Group
Flowerovlove,Vrouw,Person
Focus,Man,Group
Fontaines D.C.,Man,Group
Fontella Bass,Vrouw,Person
Forrest,Man,Person
Fred Again,Man,Person
"Fred again.., Obongjayar",Man,Person
Fred Piek,Man,Person
Freddie Aguilar,Man,Person
Free,Man,Group
Freestylers,Man,Group
Full House,Man,Group
Fun.,Vrouw,Group
Future Islands,Man,Group
Gabry Ponte & Lum!X Ft. Daddy Dj,?,Featuring
Gap Band,Man,Group
Gayle,Vrouw,Person
Gazebo,Man,Person
Gene Pitney,Man,Person
Georgie Fame,Man,Person
Gibson Brothers,Man,Group
Gilbert Becaud,Man,Person
Gordon Lightfoot,Man,Person
Gotye & Kimbra,?,Featuring
Grandmaster Flash & The Furious Five,?,Featuring
Greenfield & Cook,?,Featuring
Greg Kihn Band,Man,Group
Guru Josh Project,Man,Group
Guy,Man,Person
Haddaway,Man,Person
Harry Chapin,Man,Person
Heatwave,Man,Group
Heavy D & The Boyz,?,Featuring
Hollis P. Monroe,Man,Person
Honeybus,Man,Group
Hoobastank,Man,Group
Hudson Mohawke / Nicki Nair / Tayla Parx,?,Featuring
Hues Corporation,Man,Group
Icehouse,Man,Group
Imagine Dragons x J.I.D.,Man,Group
Incognito,Man,Group
Incognito & Jocelyn Brown,?,Featuring
Indeep,Man,Group
Inhaler,?,Person
Inner Circle,Man,Group
Inner City,Man,Group
Iron Maiden,Man,Group
J Geils Band,Man,Group
J. Vincent Edwards,Man,Person
Jack Harlow,Man,Person
Jaki Graham,Vrouw,Person
James Morrison & Nelly Furtado,?,Featuring
Jason Paige,Man,Person
Jawsh 685 & Jason Derulo,?,Featuring
Jawsh 685 X Jason Derulo,Man,Person
Jax Jones Ft. Mnek,?,Featuring
Jc Stewart,Man,Person
Jeff Wayne & Justin Hayward,?,Featuring
Jefferson Airplane,Man,Group
Jere Klein Ft. Nicki Nicole,?,Featuring
JET,Man,Group
Jigsaw,Man,Group
Jimmy Bo Horne,Man,Person
Jimmy Nail,Man,Person
Jody Watley,Vrouw,Person
Joel Corry & Mnek,?,Featuring
Joel Corry Feat. Raye,?,Featuring
Joey Dyser,Vrouw,Person
Johnny Guitar Watson,Man,Person
Johnny Hates Jazz,Man,Group
Johnny Jordaan,Man,Person
Jon Bon Jovi,Man,Person
Jonas Blue Ft J.P. Cooper,?,Featuring
Jordin Sparks & Chris Brown,?,Featuring
Jose James,Man,Person
Juanita du Plessis,Vrouw,Person
Julia Sabaté,Man,Person
Julian Lennon,Man,Person
Junior,Man,Person
Junior Senior,Man,Group
Just_us,Man,Group
Kadanz,Man,Group
Karyn White,Vrouw,Person
Kinga Bán,Vrouw,Person
Kirsty MacColl,Vrouw,Person
Knack,Man,Group
Kygo & Dean Lewis,?,Featuring
Kygo & Whitney Houston,?,Featuring
Kygo Ft. Dean Lewis,?,Featuring
Labrinth Ft Emeli Sande,?,Featuring
Lakeside,Man,Group
Lasgo,Man,Group
Lemon Pipers,Man,Group
Len Barry,Man,Person
Lesley Gore,Vrouw,Person
LIAM LYNCH,Man,Person
Libianca & Cian Ducrot,?,Featuring
Lighthouse Family,Man,Group
Lijpe,Man,Person
Lilly Wood & The Prick & Robin Schulz,?,Featuring
Little Richard,Man,Person
Living In A Box,Man,Group
Lmfao,Man,Group
Los Lobos,Man,Group
Lost Frequencies & Calum Scott,?,Featuring
Love Affair,Man,Group
Luis Fonsi & Daddy Yankee,?,Featuring
Luis Fonsi Ft Daddy Yankee,?,Featuring
Luisa Fernandez,Vrouw,Person
Madcon Ft. Ray Dalton,?,Featuring
Maitre Gims,Man,Person
Manolo Otero,Man,Person
Marcus King,Man,Person
Marshall Hain,Man,Group
Marshmello,Man,Person
Marshmello & Jonas Brothers,?,Featuring
Marsmello Ft Pink & Sting,?,Featuring
Martin Garrix & Dua Lipa,?,Featuring
Martin Garrix Ft. Bonn,?,Featuring
Marty,Man,Person
Marvin Welch & Farrar,?,Featuring
Mary J Blige & George Michael,?,Featuring
Master Kg Ft. Nomcebo Zikode,?,Featuring
Mathew Wilder,Man,Person
Matthew Wilder,Man,Person
Maxine & Franklin Brown,?,Featuring
Mc Hammer,Man,Person
McCoys,Man,Group
"McGuinn, Clark & Hillman",?,Featuring
Meck & Leo Sayer,?,Featuring
Meduza & James Carter & Elley Duhe & Fastboy,?,Featuring
Meduza & James Carter Ft. Elley Duhe & Fastboy,?,Featuring
Metejoor & Hannah Mae,?,Featuring
Metro Boomin & The Weeknd & 21 Savage,?,Featuring
Mezzoforte,Man,Group
MGMT,Man,Group
Michael Mcdonald,Man,Person
Milky Chance,Man,Group
Millie Small,Vrouw,Person
Modjo,Man,Group
Moloko,Man,Group
Mother's Finest,Man,Group
Mr Mister,Man,Group
Mr President,Man,Group
Mud,Man,Group
Munchener Freiheit,Man,Group
Nathan Dawe & Joel Corry,?,Featuring
Nazareth,Man,Group
New Order,Man,Group
New Seekers,Man,Group
Nicky Jam & Enrique Iglesias,?,Featuring
Nico & Vinz,?,Featuring
Nicolas Peyrac,Man,Person
Nightwish,Man,Group
Noodweer,Man,Group
O.C. Smith,Man,Person
Oliver Cheatham,Man,Person
Oran' Juice Jones,Man,Person
Otis Redding,Man,Person
Outfield,Man,Group
Outhere Brothers,Man,Group
Paramore,Man,Group
Parla & Pardoux,?,Featuring
Partridge Family,Man,Group
Paul Hardcastle,Man,Person
Pete Philly & Perquiste ft. Naaz,?,Featuring
Peter Schaap,Man,Person
Peter Schilling,Man,Person
Pierre Rapsat,Man,Person
Player,Man,Group
Poppy Family,Man,Group
Power Station,Man,Group
Pretenders,Man,Group
Princess,Vrouw,Group
Propaganda,Man,Group
Q65,Man,Group
Ralph McTell,Man,Person
Ray Parker Jr,Man,Person
Raye,Vrouw,Person
RB Greaves,Man,Person
Real Thing,Man,Group
Red Box,Man,Group
Regard,Man,Person
Rema,Man,Group
Reo Speedwagon,Man,Group
Richard Marx,Man,Person
Richenel,Man,Person
Righteous Brothers,Man,Group
Riton & Nightcrawlers Ft. Mufasa & Hypeman,?,Featuring
Roachford,Man,Group
Rocco Granata,Man,Person
Ronettes,Vrouw,Group
Room 5 Feat. Oliver Cheatham,?,Featuring
Rudimental ft. Ella Eyre,?,Featuring
Ryan Paris,Man,Person
Sailor,Man,Group
Sak Noel,Man,Person
Sam Wyman,Man,Person
Scene,Man,Person
Scott Fitzgerald & Yvonne Keeley,?,Featuring
September,Vrouw,Person
Shakira Feat. Wyclef Jean,?,Featuring
Shoes,Man,Group
Sigala,Man,Person
Silbermond,Man,Group
Simon Webbe,Man,Person
Simple Plan,Man,Group
Skee Lo,Man,Person
Sl2,Man,Group
Slade,Man,Group
Slim Harpo,Man,Person
Snowy White,Man,Person
Something Happens,Man,Group
Soul Ii Soul,Man,Group
Spagna,Vrouw,Person
Spargo,Man,Group
Special D,Man,Person
Specials,Man,Group
Split Enz,Man,Group
Spooky & Sue,?,Featuring
Spooky Tooth,Man,Group
Starbuck,Man,Group
Starland Vocal Band,Man,Group
Stars on 45,Man,Group
Steeleye Span,Man,Group
Stephan Bouwman,Man,Person
Stereo Mc's,Man,Group
Stevie V (Adventures Of),Man,Group
Stranglers,Man,Group
Stray Cats,Man,Group
Studio Killers,Man,Group
Sugarhill Gang,Man,Group
Sunblock,Man,Group
Swedish House Maffia/Connie Constance,?,Featuring
T Rex,Man,Group
Tamino,Man,Person
Ten Sharp,Man,Group
Ten Years After,?,Featuring
Terence Trent D'Arby,Man,Person
The 1975,Man,Group
The Archies,Man,Group
The Association,Man,Group
"The Blessed Madonna, Clementine Douglas",Vrouw,Person
The Bucketheads,Man,Person
The Chainsmokers & Coldplay,?,Featuring
The Cleftones,?,Featuring
The Contours,Man,Group
The Emotions,Man,Group
The Foundations,Man,Group
The Golden Earrings,Man,Group
The Housemartins,Man,Group
The Human League,Man,Group
The Jam,Man,Group
The Korgis,Man,Group
The Move,Man,Group
The Original,Man,Group
The Quick,Man,Group
The Real Thing,Man,Group
The Ronettes,Vrouw,Group
The Rubettes,Man,Group
The Shorts,Man,Group
The Spin Doctors,Man,Group
The Supremes,Vrouw,Group
The Sweet,Man,Group
The War on Drugs,Man,Group
Them,Man,Group
Three Degrees,Vrouw,Group
Tiesto Jonas Blue & Rita Ora,?,Featuring
Tim Berg,Man,Person
Tim Hardin,Man,Person
Time Bandits,Man,Group
Time Square Ft Xavier Rudd,?,Featuring
Timex Social Club,Man,Group
Tokyo Ghetto Pussy,Man,Group
Tol Hansse,Man,Person
Tom Browne,Man,Person
Tommy Boyce & Bobby Hart,?,Featuring
Trammps,Man,Group
Trinity,Man,Person
Ultravox,Man,Group
Vulfpeck,Man,Group
Was (Not Was),Man,Group
Wax,Vrouw,Person
Backyard Casanova's,?,Error'artist-relation-list'
Comedown,?,Error'artist-relation-list'
Fortunes,?,Error'artist-relation-list'
FRIDAY,?,Error'artist-relation-list'
Fungus,?,Error'artist-relation-list'
Ginger Ninja,?,Error'artist-relation-list'
Gintronix,?,Error'artist-relation-list'
Hunters,?,Error'artist-relation-list'
Jungle,?,Error'artist-relation-list'
Leaf,?,Error'artist-relation-list'
Lf System,?,Error'artist-relation-list'
Loupe,?,Error'artist-relation-list'
"Maryn Charlie, Melle",?,Error'artist-relation-list'
"Mcr-T, Joost",?,Error'artist-relation-list'
Oliver Pesch,?,Error'artist-relation-list'
Oos Joos,?,Error'artist-relation-list'
Partyfriex,?,Error'artist-relation-list'
Selvera's,?,Error'artist-relation-list'
Soul Sister,?,Error'artist-relation-list'
The Babysitters Circus,?,Error'artist-relation-list'
The Bleachers,?,Error'artist-relation-list'
The Tibbs,?,Error'artist-relation-list'
The Wiz Stars,?,Error'artist-relation-list'
Wesly Bronkhorst & Bizzey,?,Featuring
Wet Leg,Man,Group
Wild Cherry,Man,Group
Will Tura,Man,Person
Willem,Man,Person
Willy William,Man,Person
Wilson Phillips,Vrouw,Group
Yardbirds,Man,Group
Years & Years,?,Featuring
Youssou N'Dour & Neneh Cherry,?,Featuring
Zen Link,Man,Person
Zerb Ft. Sofiya Nzau,?,Featuring
Zombie Nation,Man,Group
ZZ & de Maskers,?,Featuring
Armin Van Buuren Ft. Josh Cumbee,?,Featuring
Armin Van Buuren & Davina Michelle,?,Featuring
Godley & Creme,?,Featuring
Tony Scott en Ben Liebrand,Man,Person
Tower Of Power,Man,Group
The 5th Dimension,Man,Group
Tony Toni Tone,Man,Group
Naughty By Nature,Man,Group
Randy Crawford,Vrouw,Person
J. Blackfoot,Man,Person
Ready For The World,Man,Group
Poco,Man,Group
Multibeat ft. Joya Mooi,?,Featuring
Charlie Rich,Man,Person
Imagination,Man,Group
Umberto Tozzi,Man,Person
Janieck,Man,Person
Gary's Gang,Man,Group
RANI,Vrouw,Person
Jacques Dutronc,Man,Person
Ian Dury & The Blockheads,?,Featuring
The Dave Clark Five,Man,Group
Styx,Man,Group
Caravan Palace,Man,Group
Tony Rich Project,Man,Person
Stampeders,Man,Group
Freeez,Man,Group
The Farm,Man,Group
Matt Bianco,Man,Group
Five Star,Man,Group
Boom Boom Mancini,Man,Group
Phil Fearon & Galaxy,?,Featuring
Change,Man,Group
Cascada,Man,Group
Robbie Nevil,Man,Person
Pauli Carman,Man,Person
Stetsasonic,Man,Group
Rupert Holmes,Man,Person
Buckshot Lefonque ft. Frank McComb,?,Featuring
Jeangu Macrooy,Man,Person
Ray Goodman & Brown,?,Featuring
Sisy Fos ft. Damion Grey,?,Featuring
Black Pumas,Man,Group
Jo Lemaire & Flouze,?,Featuring
Maria Mc Kee,Vrouw,Person
Whistle,?,Error'artist-relation-list'
The Wanted,Man,Group
Vintage Future & Mell,?,Featuring
Ohio Express,Man,Group
Fun,Vrouw,Group
Bobby McFerrin,Man,Person
Marshmello| Pink & Sting,?,Featuring
Lulu,Vrouw,Person
D'Angelo,Man,Person
S.O.S. Band,Man,Group
K'Naan,Man,Person
Paper Lace,Man,Group
Kris Berry & L29,?,Featuring
Procol Harum,Man,Group
Topic & Atb,?,Featuring
Full Force,Man,Group
Swing Out Sister,Man,Group
Piglets,Vrouw,Group
Bonnie St. Claire,Vrouw,Person
Buffoons,Man,Group
Rudimental Ft. John Newman,?,Featuring
Sisqo,Man,Person
Labi Siffre,Man,Person
Murray Head,Man,Person
Maxi Priest,Man,Person
Rox,?,Error'artist-relation-list'
Evelyn Thomas,Vrouw,Person
Fitz And The Tantrums,Man,Group
Whispers,?,Person
Felix Jaehn Feat. Jasmine Thompson,?,Featuring
Mohombi,Man,Person
Casso| Raye| D-Block Europe,?,Error'artist-relation-list'
Nea,?,Person
Brooke Fraser,Vrouw,Person
Yves Larock,Man,Person
Calvin Harris (Feat. Sam Smith),?,Featuring
Primal Scream,Man,Group
Wheatus,Man,Group
Source & Candi Staton,?,Featuring
Voltage,Man,Person
Sydney Youngblood,Man,Person
Omc,Man,Group
Jaison Neutra,Man,Person
Beverley Craven,Vrouw,Person
Ricky Koole,Vrouw,Person
Rumer,Vrouw,Person
X Ambassadors,Man,Group
James Ingram & Michael McDonald,?,Featuring
Groove For Thought,?,Error'artist-relation-list'
Brenda Russell,Vrouw,Person
Korgis,Man,Group
Room 5,Man,Person
The Dutch,Man,Group
Klf & Tammy Wynette,?,Featuring
Tess Merlot,Man,Person
Blue Feat. Stevie Wonder & Angie Stone,?,Featuring
The Chieftains & Natalie Merchant,?,Featuring
Musical Youth,Man,Group
Listenbee ft. Naz Tokio,?,Featuring
Tram Des Balkans & Melissa Zantman,?,Featuring
Lizz Wright,Vrouw,Person
Van Plan,Man,Person
Tribalistas,Man,Group
Mink Deville,Man,Group
Graffiti6,?,Error'artist-relation-list'
Jam,Man,Group
Fish,Man,Person
Yellow Pearl,?,Error'artist-relation-list'
Freiheit & London Symphony Orchestra,?,Featuring
Blue Boy,Man,Person
5th Dimension,?,Error'artist-relation-list'
Clannad,Man,Group
Solar State,?,Error'artist-relation-list'
Livin' Blues,Man,Group
Scoop,Man,Group
Evanescence,Man,Group
Wings,Man,Group
Fiction Factory,Man,Group
Dvbbs & Borgeous,?,Featuring
Napoleon XIV,Man,Person
Rocky Burnette,Man,Person
Oh Sixteen Oh Seven,Man,Group
LUNIZ,Man,Group
Zayn,Man,Person
Fiddler's Dram,Man,Group
Tinlicker Ft. Circa Waves,?,Featuring
Stardust,Vrouw,Group
Rihanna Feat. Calvin Harris,?,Featuring
AJR,Man,Group
Metro Boomin' Ft. The Weeknd & 21 Savage,?,Featuring
Sandra,Vrouw,Person
HOOTERS,Man,Group
Ultimate Kaos,Man,Group
Buckshot Lefonque,Man,Group
Elin Hall,?,Person
Royel Otis,?,Error'artist-relation-list'
L Devine,Vrouw,Person
St.Vincent,?,Errorlist index out of range
Blue Mink,Man,Group
Grand Funk,Man,Group
Pernice Brothers,Man,Group
Big Thief,Man,Group
Kaleo,Man,Group
Del Water Gap,Man,Person
The Smile,Man,Group
Maryn Charle,?,Error'artist-relation-list'
R Dean Taylor,Man,Person
Eternal Ft. Bebe Winans,?,Featuring
Morpheus,Man,Group
The Boy Next Door & Lucas Nicholas,?,Featuring
Overmono,Man,Group
Coi Leray,Vrouw,Person
Racey,Man,Group
Topic,Man,Person
Shouse,Man,Group
Chris Montez,Man,Person
Sinead O'connor,Vrouw,Person
Galantis,Man,Group
Toad The Wet Sprocket,Man,Group
Jose Feliciano,Man,Person
Brotherhood of man,Man,Group
Peter Fox,Man,Person
Naughty Boy Ft. Sam Smith,?,Featuring
American Breed,Man,Group
Barbra Streisand & Céline Dion,?,Featuring
Kevin Lyttle Ft. Spragga Benz,?,Featuring
Dua Lipa Ft Chris Martin,?,Featuring
Everly Brothers,Man,Group
Raffaela Carra,Vrouw,Person
Led Zeppelin,Man,Group
Joy Division,Man,Group
Mike Posner & Seeb,?,Featuring
Continental Uptight Band,Man,Group
Martin Garrix & Bonn,?,Featuring
Louis Armstrong,Man,Person
Mark Knopfler & James Taylor,?,Featuring
Roberta Flack & Donny Hathaway,?,Featuring
Johnny Hallyday,Man,Person
The Ides Of March,Man,Group
Razorlight,Man,Group
Rowwen Heze,Man,Group
Ram Jam,Man,Group
Veul Gère ft. Partij voor de Vrijdag,?,Featuring
Spinners,?,Error'artist-relation-list'
Dennis van Aarssen ft. Jeff Franzel,?,Featuring
Eminem Ft. Rihanna,?,Featuring
Chris Farlowe,Man,Person
Sophia George,Vrouw,Person
Brian Hyland,Man,Person
Bryan Adams Feat. Melanie C,?,Featuring
Ella Fitzgerald & Louis Armstrong,?,Featuring
Anita Ward,Vrouw,Person
Carolina Liar,Man,Group
The Crystals,Vrouw,Group
Clouseau,Man,Group
Mungo Jerry,Man,Group
Lil Nas X/Jack Harlow,?,Featuring
Orleans,Man,Group
Norman Greenbaum,Man,Person
Patrick Bruel,Man,Person
Jay-Z Feat. Linkin Park,?,Featuring
Howard Jones,Man,Person
Jonas Blue & Jack & Jack,?,Featuring
Emotions & Earth Wind & Fire,?,Featuring
Purple Disco Machine ft. Eyelar,?,Featuring
Bruce Channel,Man,Person
Neomi,Vrouw,Person
Jimmy 'Bo' Horne,Man,Person
New Vaudeville Band,Man,Group
B.o.B. ft. Rivers Cuomo,?,Featuring
The Spencer Davis Group,Man,Group
Acda en De Munnik,Man,Group
The Kooks,Man,Group
Joe Tex,Man,Person
Bashung,Man,Person
Kanye West Ft. Chris Martin,?,Featuring
Badfinger,Man,Group
Scott Walker,Man,Person
David Guetta ft. Sia,?,Featuring
The Haunted Youth,Man,Group
Dave & Ansil Collins,?,Featuring
Tiesto Ft Jonas Blue & Rita Ora,?,Featuring
David McWilliams,Man,Person
Patsy Gallant,Vrouw,Person
Santa Esmeralda & Leroy Gomez,?,Featuring
Guns 'N Roses,Man,Group
Vanessa Paradis,Vrouw,Person
Swedish House Mafia ft. The Weeknd,?,Featuring
Blue Haze,?,Person
New Musik,Man,Group
Kygo Ft Parson James,?,Featuring
Cee Lo Green,?,Error'artist-relation-list'
J. Geils Band,Man,Group
Rihanna & Calvin Harris,?,Featuring
Elton John & George Michael,?,Featuring
The Boomtown Rats,Man,Group
Young Gun Silver Fox,Vrouw,Group
The Searchers,Man,Group
Dj Jean,Man,Person
Soulsister,Man,Group
Dof,?,Person
Al Jarreau,Man,Person
Edsilia Rombley,Vrouw,Person
Bløf & Geike Arnaert,?,Featuring
Christina Aguilera en Missy Elliot,Vrouw,Person
Al Martino,Man,Person
Pasadenas,Man,Group
The Radio'S,?,Error'artist-relation-list'
Dawn and Tony Orlando,Man,Group
Ofenbach Ft Lagique,?,Featuring
Luis Fonsi Ft. Daddy Yankee,?,Featuring
Justice,Man,Group
Scatman John,Man,Person
All 4 One,Man,Group
Jessica,Vrouw,Person
Troggs,Man,Group
Livin' Joy,Man,Group
Kim Petras/Sam Smith,?,Featuring
Marusha,Vrouw,Person
Frida Boccara,Vrouw,Person
Clivilles & Cole,?,Featuring
Maywood,Man,Group
Double Vision,Man,Group
Enge Buren,?,Error'artist-relation-list'
Weekend,Man,Person
Majestic & Boney M,?,Featuring
Boz Scaggs,Man,Person
Fatal Flowers,Man,Group
Dave Davies,Man,Person
Daft Punk Ft. Pharell Williams,?,Featuring
Marianne Faithfull,Vrouw,Person
The Lumineers,Man,Group
Heaven 17,Man,Group
Josh Groban,Man,Person
Coldplay ft. Beyoncé,?,Featuring
Kygo Ft Selena Gomez,?,Featuring
Mama Cass,Vrouw,Person
The Easybeats,Man,Group
Radiohead,Man,Group
Clean Bandit Ft. Zara Larsson,?,Featuring
Miami Sound Machine,Man,Group
Praise Cats,Man,Person
The Drifters,?,Featuring
Armin van Buuren feat. Trevor Guthrie,Man,Person
Sia & Sean Paul,?,Featuring
Los Del Rio,Man,Group
Analogues,Man,Group
Becky Hill Ft David Guetta,?,Featuring
Osmonds,Man,Group
Janse Bagge Bend,Man,Group
Fluitsma & Van Tijn,?,Featuring
Acraze Ft. Cherish,?,Featuring
Ron Carroll,Man,Person
Jay-Z & Linkin Park,?,Featuring
Linda Roos & Jessica,?,Featuring
Nathan Dawe Ft. Ella Henderson,?,Featuring
Phats & Small,?,Featuring
The Common Linnets,Man,Group
"Luis Fonsi Ft. Sebastian Yatra, Nicky Jam",?,Featuring
Roger Waters,Man,Person
Milky,?,Error'artist-relation-list'
Blackbird,Man,Person
Men Without Hats,Man,Group
Smokie,Man,Group
La's,?,Error'artist-relation-list'
Inna,Vrouw,Person
Al Stewart,Man,Person
The Communards,Man,Group
Del Shannon,Man,Person
Jimmy Cliff,Man,Person
Jesse Mccartney,Man,Person
AR/CO,?,Featuring
Alan Walker,Man,Person
Danny de Munk,Man,Person
Debarge,Man,Group
David Guetta,Man,Person
The Troggs,Man,Group
The Pogues,Man,Group
4 Hero,Man,Group
Kungs Vs. Cookin On 3 Burners,Man,Group
White Town,Man,Group
Willie Nelson,Man,Person
Charlie Puth Feat Meghan Trainor,Vrouw,Person
Meduza & James Carter Ft. Elley Duhe & Fast Boy,?,Featuring
Nolan Sisters,Vrouw,Group
Claudia De Breij,Vrouw,Person
Lipps Inc,Man,Group
Electric Light Orchestra & Olivia Newton-John,?,Featuring
Searchers,Man,Group
The Stranglers,Man,Group
Shapeshifters,?,Featuring
Bananarama & Fun Boy Three,?,Featuring
Snap!,Man,Group
Frans Halsema & Jenny Arean,?,Featuring
El Barrio,Man,Person
Milk Inc,Man,Group
Tiffany,Vrouw,Person
Armin Van Buuren Ft Trevor Guthrie,?,Featuring
"Metro Boomin, The Weeknd & 21 Savage",?,Featuring
P!Nk Feat. Nate Ruess,?,Featuring
Bryan Adams & Melanie C,?,Featuring
Jelte Van Der Goat Ft. Sikky Sombrero,?,Featuring
Pink Ft Nate Ruess,?,Featuring
Jessie Hill,Man,Person
Orchestral Maneuvres in the Dark,Man,Group
Armin Van Buuren & Billen Ted & Jc Stewart,?,Featuring
Tupac,?,Error'artist-relation-list'
Instant Funk,Man,Group
Jermaine Stewart,Man,Person
Big Country,Man,Group
Guy Sebastian,Man,Person
Crosby Stills Nash & Young,?,Featuring
Grapefruit,Man,Group
Eliza Rose,Vrouw,Person
Rufus & Chaka Khan,?,Featuring
Joel Corry Ft. Raye,?,Featuring
Gabriella Cilmi,Vrouw,Person
Diane & Annita,?,Featuring
Falco,Man,Person
Declan McKenna,Man,Person
Womack & Womack,?,Featuring
Lucas & Steve X Philip Strand,?,Featuring
Flash & The Pan,?,Featuring
Pixies,Man,Group
John Farnham,Man,Person
DEF LEPPARD,Man,Group
Swedish House Mafia & The Weeknd,?,Featuring
Flock Of Seagulls,Man,Group
Mabel,Vrouw,Person
The Time,Man,Group
LL Cool J,Man,Person
Mike Oldfield & Roger Chapman,?,Featuring
Wodan Boys,?,Error'artist-relation-list'
Kraantje Pappie,Man,Person
Jonas Blue Ft Dakota,?,Featuring
Eliza Doolittle,Vrouw,Person
Matt_Bianco,Man,Group
Lulu & The Luvvers,?,Featuring
Bakermat,Man,Person
Al Green,Man,Person
Deodato,Man,Person
Farm,Man,Group
Shirley Bassey,Vrouw,Person
Kygo & Selena Gomez,?,Featuring
Ro-d-ys,Man,Group
Lov3less,?,Error'artist-relation-list'
The Shadows,Man,Group
Freiheit,Man,Group
Kygo Ft Miguel,?,Featuring
Donna Lewis,Vrouw,Person
Calvin Harris & Tom Grennan,?,Featuring
Lori Spee,Vrouw,Person
Robbie Robertson,Man,Person
Zedd & Maren Morris & Grey,?,Featuring
Bizarre Inc & Angie Brown,?,Featuring
David Guetta Feat. Kid Cudi,?,Featuring
John Waite,Man,Person
Ray Parker Jr. & Raydio,?,Featuring
The Turtles,Man,Group
Agnetha Fältskog,Vrouw,Person
Scritti Politti,Man,Group
John Secada,Man,Person
Alderliefste & Ramses Shaffy & Liesbeth List,?,Featuring
Mason,Man,Person
Van Der Goat Ft. Sikky Sombrero,?,Featuring
Martin Solveig Ft. Dragonette,?,Featuring
De Kast,Man,Group
Lloyd Cole & The Commotions,?,Featuring
The Cars,Man,Group
Crazy Town,Man,Group
Bobby Vinton,Man,Person
Janet Jackson & Q Tip & Joni Mitchell,?,Featuring
Lou Reed,Man,Person
Snoop Doggy Dogg,Man,Person
Cilla Black,Vrouw,Person
Zerb & Sofiya Nzau,?,Featuring
Bojoura,Vrouw,Person
Pearls,Man,Group
Jan Smit,Man,Person
Brothertiiger,?,Errorlist index out of range
Manhattans,?,Error'artist-relation-list'
Gossip,Man,Group
N-Trance,Man,Group
Icona Pop Ft. Charli Xcx,?,Featuring
Maydien & Mitchell Ward,?,Featuring
Shola Ama,Vrouw,Person
Maan x Goldband,Man,Group
John Sebastian,Man,Person
Avicii & Sandro Cavazza,?,Featuring
Prefab Sprout,Man,Group
LP,?,Error'Man?'
Aloe Blacc,Man,Person
Youp van 't Hek,Man,Person
Iyaz,Man,Person
Deep Purple,Man,Group
Jeugd Van Tegenwoordig,Man,Group
Wally Tax,Man,Person
2 Pac,Man,Person
The Mamas & The Papas,?,Featuring
One Direction,Man,Group
Brainbox,Man,Group
De Dijk & Solomon Burke,?,Featuring
Jon & Vangelis,?,Featuring
Cuby & The Blizzards,?,Featuring
Modern Romance,Man,Group
"Thomas Acda, Kraantje Pappie & Rolf Sanchez",?,Featuring
Warren G ft. Nate Dogg,?,Featuring
Jonas Blue & Dakota,?,Featuring
Andrea Bocelli,Man,Person
Bintangs,Man,Group
Raymond Froggatt,Man,Person
Seemon & Marijke,?,Featuring
Jason Mraz & Colbie Caillat,?,Featuring
Enya,Vrouw,Person
Bad Company,Man,Group
Rose Royce,Man,Group
Trini Lopez,Man,Person
James Morrison Ft. Nelly Furtado,?,Featuring
Brigitte Kaandorp & Herman Finkers,?,Featuring
The Chainsmokers ft Coldplay,?,Featuring
David A. Stewart featuring Candy Dulfer,?,Featuring
Sara Bareilles,Vrouw,Person
Glass Animals,Man,Group
Dimitri van Toren,Man,Person
Faith Hill,Vrouw,Person
Snoop Dogg & Wiz Khalifa ft. Bruno Mars,?,Featuring
Cornershop,Man,Group
Eva De Roovere,Vrouw,Person
Mike Batt,Man,Person
Tremeloes,Man,Group
Marky Mark & The Funky Bunch & Loletta Holloway,?,Featuring
JJ Cale,Man,Person
The Motors,Man,Group
Kate & Anna McGarrigle,?,Featuring
Shalamar,Man,Group
Avicii/Aloe Blacc,?,Featuring
Duck Sauce,Man,Group
Kygo Ft. Conrad Sewell,?,Featuring
Adamski,Man,Person
Jonathan King,Man,Person
The Romantics,?,Error'artist-relation-list'
Spin Doctors,Man,Group
E.M.F.,Man,Group
Mark Ronson Ft. Miley Cyrus,?,Featuring
Shirley Zwerus,Vrouw,Person
Madcon & Ray Dalton,?,Featuring
Newbeats,?,Error'artist-relation-list'
Brook Benton & Dinah Washington,?,Featuring
Zanger Jim Ft. Mc Feestfok,?,Featuring
Edison Lighthouse,Man,Group
Opgeblazen & Wilbert Pigmans,?,Featuring
Piet Veerman,Man,Person
Wim Sonneveld,Man,Person
The Smiths,Man,Group
Beyoncé ft. Jay-Z,?,Featuring
London Grammar,Man,Group
Deco,Man,Person
Monty Python,Man,Group
Middle of the road,Man,Group
Van Kooten & De Bie,?,Featuring
Mouth & MacNeal,?,Featuring
Trashmen,Man,Group
The Spinners,Man,Group
Donnie & Chantal Janzen,?,Featuring
Milk & Sugar Vs Vaya Con Dios,?,Featuring
Ugly Kid Joe,Man,Group
Joe Public,Man,Group
Dario G,Man,Group
Wilson Pickett,Man,Person
The Prodigy,Man,Group
Kingsmen,?,Error'artist-relation-list'
N Sync,Man,Group
2 Brothers On The 4Th Flour,Man,Group
Band Of Skulls,Man,Group
Ginuwine,Man,Person
Alexandra Stan,Vrouw,Person
André Brasseur,Man,Person
Rush,Man,Group
Prince Buster,Man,Person
Kaoma,Man,Group
Dr Alban,Man,Person
Raymond van het Groenewoud,Man,Person
David Garrick,Man,Person
Jax Jones & Calumn Scott,?,Featuring
Phd,?,Person
Ede Staal,Man,Person
The Cranberries,Man,Group
X-Ambassadors,Man,Group
Supersister,Man,Group
"Gabry Ponte, Lumix & Prezioso",?,Featuring
Jimmy James & The Vagabonds,?,Featuring
Afrojack & David Guetta,?,Featuring
Raul Orellana & Jocelyn Brown,?,Featuring
Roberto Jacketti & The Scooters,?,Featuring
Narada Michael Walden & Patti Austin,?,Featuring
Thijs Boontjes,Man,Person
Spooks,Man,Group
Flo Rida & David Guetta,?,Featuring
Ann Lee,Vrouw,Person
Hank The Knife & The Jets,?,Featuring
Lost Frequencies & Janieck Devy,?,Featuring
Cars,Man,Group
Astrid Nijgh,Vrouw,Person
Volumia!,Man,Group
Rob 'n' Raz & Leila K,?,Featuring
The Fratellis,Man,Group
The Carpenters,Man,Group
Justin Timberlake & Chris Stapleton,?,Featuring
Kosheen,Man,Group
Poppys & Lenny Kuhr,?,Featuring
June Lodge & Mohammed,?,Featuring
Baccara,Man,Group
Noah Kahan & Julia Michaels,?,Featuring
Fratellis,Man,Group
Rod Stewart & Tina Turner,?,Featuring
Robin Thicke & Pharrell & T.I.,?,Featuring
Vangelis,Man,Person
John Hiatt,Man,Person
Patrick Swayze,Man,Person
Joost Nuissl,Man,Person
Alan Walker & Ava Max,?,Featuring
Sergio Mendes & Brasil '66,?,Featuring
Ana Gabriel,Vrouw,Person
Bohannon,Man,Person
Grand Funk Railroad,Man,Group
Jimmy McCracklin,Man,Person
M People,Man,Group
Message Of Love,Man,Group
Rage Against The Machine,Man,Group
Todd Rundgren,Man,Person
Big Joe & His Washboard Band,?,Featuring
Selena Gomez Feat. Marshmello,?,Featuring
Adam & the Ants,?,Featuring
The Bellamy Brothers,Man,Group
Opus,Man,Group
Cygnus X,Man,Group
Albert Hammond,Man,Person
Michel Sardou,Man,Person
Milli Vanilli,Man,Group
Alessi Brothers,Man,Group
Queen & George Michael,?,Featuring
Captain Sensible,Man,Person
Rah Band,?,Error'artist-relation-list'
Alexander Curly,Man,Person
Curiosity Killed The Cat,Man,Group
U2 & BB King,?,Featuring
"Oliver Tree, Robin Schulz",Man,Person
Mary Jane Girls,Vrouw,Group
Sam Feldt & Rani,?,Featuring
Patti Smith Group,Man,Group
King Bee,Man,Group
Personal Trainer,?,Error'artist-relation-list'
Robin Gibb,Man,Person
Michel Polnareff,Man,Person
Jason Derulo Ft. Nuka,?,Featuring
Cliff Richard & The Young Ones,?,Featuring
Chainsmokers & Coldplay,?,Featuring
The Specials,Man,Group
A.K.A The Junkies,Man,Group
Nial Horan,Man,Person
Anna Kendrick,Vrouw,Person
Band Aid,Vrouw,Group
Joost,Man,Person
Margriet Eshuijs,Vrouw,Person
Linkin' Park,Man,Group
Stephen Sanchez & Em Beihold,?,Featuring
Bloem,Man,Group
Booker T & The MG's,?,Featuring
Ph. D.,Man,Group
Nils Lofgren,Man,Person
Ariana Grande Ft. Zedd,?,Featuring
Pilot,Man,Group
Gary Moore & Phil Lynott,?,Featuring
The Chemical Brothers,Man,Group
Peaches And Herb,Vrouw,Group
Connells,Man,Group
Salt-N-Pepa,Man,Group
Katy Perry Ft Skip Marley,?,Featuring
Kokomo,Vrouw,Group
Michael Jackson & Siedah Garrett,?,Featuring
Echo & The Bunnymen,?,Featuring
Drake,Man,Person
Marcia Hines,Vrouw,Person
Taio Cruz Ft. Ludacris,?,Featuring
The Whispers,Man,Group
Pink ft. Nate Ruess,?,Featuring
Disciples,Man,Group
Merrilee Rush,Vrouw,Person
Scooter,Man,Group
Yori,?,Error'artist-relation-list'
Bennie Jolink,Man,Person
The Fortunes,Man,Group
Nelly feat. Kelly Rowland,Vrouw,Person
Katy Perry & Juicy J,?,Featuring
The Equals,Man,Group
Lou Rawls & Dianne Reeves,?,Featuring
Maria Mena,Vrouw,Person
Ry Cooder,Man,Person
Toon Hermans,Man,Person
Paul Da Vinci,Man,Person
Cream,Man,Group
Garland Jeffreys,Man,Person
Sam The Sham & The Pharaohs,?,Featuring
The Temper Trap,Man,Group
David Essex,Man,Person
Jimmy Ruffin,Man,Person
Three Dog Night,Man,Group
Barry Manilow,Man,Person
Creeps,Man,Group
Crusaders,?,Error'artist-relation-list'
Common Linnets,Man,Group
Margie Ball,Vrouw,Person
City To City,Man,Group
Tommy Roe,Man,Person
Brownstone,Vrouw,Group
Ides Of March,Man,Group
Kygo Ft. Conrad,?,Featuring
The Byrds,Man,Group
Jonas Blue & William Singe,?,Featuring
AQUA,Man,Group
Bachman-Turner Overdrive,Man,Group
Clean Bandit & Zara Larsson,?,Featuring
Renee,Vrouw,Person
Bobby Fuller,Man,Person
Severine,Vrouw,Person
C & C Music Factory,?,Featuring
Canyon,Man,Group
The Righteous Brothers,Man,Group
Peter Tosh & Mick Jagger,?,Featuring
ROGER SANCHEZ,Man,Person
R. Dean Taylor,Man,Person
Rene Froger & Het Goede Doel,?,Featuring
Matia Bazar,Man,Group
Brandy & Monica,?,Featuring
Robert Plant,Man,Person
The Flirtations,Vrouw,Group
Visage,Man,Group
Owl City & Carly Rae Jepsen,?,Featuring
Michael Jackson & Paul Mccartney,?,Featuring
Typically Tropical,Man,Group
Fools Garden,Man,Group
The Amazing Stroopwafels,Man,Group
Run Dmc Vs. Jason Nevins,Man,Group
Counting Crows & Vanessa Carlton,?,Featuring
Bizarre Inc.,Man,Group
Peter Andre,Man,Person
The Blues Brothers,Man,Group
Tnn,Man,Group
Las Ketchup,Vrouw,Group
Wayne Fontana,Man,Person
De Jazzpolitie,Man,Group
Pharrell Ft. Jay Z,?,Featuring
Kadoc,Man,Group
Dune,Man,Group
Richard Harris,Man,Person
Crystal Waters,Vrouw,Person
Mark Ronson Ft Miley Cyrus,?,Featuring
Thunderclap Newman,Man,Group
Temptations,Man,Group
Kelis,Vrouw,Person
Guys & Dolls,?,Featuring
Asaf Avidan,Man,Person
Mory Kante,Man,Person
Japan,Man,Group
The Buoys,Man,Group
Jay & The Americans,?,Featuring
NINE DAYS,Man,Group
Captain & Tennille,?,Featuring
Benny Benassi,Man,Person
Freemasons,Man,Group
Les Humphries Singers,Man,Group
Cris Cab,Man,Person
Gym Class Heroes Feat. Adam Levine,?,Featuring
Bert Kaempfert,Man,Person
Rem,Man,Group
Circus Custers,Man,Group
Armin Van Buuren & Sophie Ellis-Bextor,?,Featuring
Rockwell,Man,Person
Bryan Adams & Mel C,?,Featuring
David Guetta & Kid Cudi,?,Featuring
Zucchero Ft. Paul Young,?,Featuring
O' Jays,Man,Group
Pierre Groscolas,Man,Person
Chris Zegers,Man,Person
Maxine Nightingale,Vrouw,Person
Icona Pop,Vrouw,Group
First Choice,Man,Group
Nancy Sinatra & Lee Hazlewood,?,Featuring
Pitbull Ft. Kesha,?,Featuring
RUN DMC,Man,Group
Harry Alonzo,Man,Person
Slayer,Man,Group
Colonel Abrahams,Man,Person
Vandenberg,Man,Group
Rory Gallagher,Man,Person
Richie Barrett,Man,Person
"Emerson, Lake & Palmer",?,Featuring
Peter Sarstedt,Man,Person
Spider Murphy Gang,Man,Group
Double,?,Error'artist-relation-list'
John Fred & His Playboy Band,?,Featuring
Peter Cetera,Man,Person
Moses,Man,Person
Beck & Phoenix,?,Featuring
Stone Roses,Man,Group
Dalida & Alain Delon,?,Featuring
Mike Mago,Man,Person
Hind,Vrouw,Person
Yungblud,Man,Person
The Walkers,Man,Group
White Plains,Man,Group
George Michael & Paul Mccartney,?,Featuring
Bobby Goldsboro,Man,Person
Henny Vrienten & Herman Brood,?,Featuring
Imca Marina,Vrouw,Person
Delerium,Man,Group
Eric Burdon & The Animals,?,Featuring
Dolly Parton & Peter Frampton,?,Featuring
Cirque Du Soleil,Vrouw,Group
Andrea Bocelli  & Giorgia,?,Featuring
The Herd,Man,Group
Young The Giant,Man,Group
Peter Skellern,Man,Person
Floor Jansen,Vrouw,Person
Coldplay/Bts,?,Featuring
Pete Philly & Perquisite,?,Featuring
Fatima Yamaha,Man,Person
Greta Van Fleet,Man,Group
Lona,?,Error'artist-relation-list'
Moody Blues,Man,Group
The Underdog Project,Man,Group
Herb Alpert,Man,Person
Pnau & Khalid,?,Featuring
Marlon Roudette,Man,Person
Edward Sharpe & The Magnetic Zeros,?,Featuring
Fun. Ft. Janelle Monae,?,Featuring
Alderliefste & Paul De Leeuw,?,Featuring
Volbeat,Man,Group
Within Temptation,Man,Group
Two Door Cinema Club,Man,Group
Calvin Harris Ft. Rihanna,?,Featuring
Jim Gilstrap,Man,Person
Stereophonics,Man,Group
Neil Christian,Man,Person
Uriah Heep,Man,Group
Olly Murs Feat. Flo Rida,?,Featuring
Manhattan Transfer,Man,Group
Phoenix,Man,Group
Mott The Hoople,Man,Group
Slik,Man,Group
Olivia Newton John Feat. Electric Light Orchestra,?,Featuring
Blue Oyster Cult,Man,Group
Flo Rida & Kesha,?,Featuring
Major Lazer ft. Nyla & Fuse ODG,?,Featuring
Zayn & Sia,?,Featuring
Jeff Beck,Man,Person
Ariana Grande & Zedd,?,Featuring
Wiz Stars,?,Error'artist-relation-list'
Ivy League,Man,Group
P!Nk & Willow Sage Hart,?,Featuring
Muziek,Man,Group
Stretch,Man,Group
Elephant,Man,Group
Teach In,Man,Group
Ivan Heylen,Man,Person
Dion,Man,Person
MFSB & Three Degrees,?,Featuring
Salt N-Pepa,Man,Group
Phillip Goodhand-Tait,Man,Person
Rene Schuurmans,Man,Person
Moments & Whatnauts,?,Featuring
Danny Williams,Man,Person
Snoop Dogg Ft. Justin Timberlake & Charlie Wilson,?,Featuring
Kenny Loggins & Stevie Nicks,?,Featuring
Edwin Hawkins Singers,Man,Group
Hall And Oates,Man,Group
Shirelles,Man,Group
Lipps Inc.,Man,Group
Diggy Fex Ft. Eva De Roovere,?,Featuring
The Good Men,Man,Group
Pitbull & John Ryan,?,Featuring
Blind Melon,Man,Group
Gareth Gates,Man,Person
Ph.D.,Man,Group
Hakkuhbar,Man,Group
Gloria Estefan &The Miami Sound Machine,?,Featuring
The Shoes,Man,Group
Lyn Collins,Vrouw,Person
Parquet Courts,Man,Group
Pitbull Feat. Christina Aguilera,?,Featuring
King Africa,Man,Person
98 Degrees & Stevie Wonder,?,Featuring
Lenny Kuhr,Vrouw,Person
Meghan Trainor & John Legend,?,Featuring
Skipper Wise,Man,Person
Sylver,Man,Group
Alex Gaudino Feat. Crystal Waters,?,Featuring
Tom Cochran,Man,Person
Motörhead,Man,Group
Boris,Man,Group
Martin Solveig Feat. Dragonette,?,Featuring
Robin Thicke,Man,Person
Mary J Blige & U2,?,Featuring
Rubettes,Man,Group
Pecos Kanvas,Man,Person
Liquid Gold,?,Error'artist-relation-list'
Nathan Evans,Man,Person
Lost Frequencies & Zonderling & Kelvin Jones,?,Featuring
The Moonglows,Man,Group
Atb,Man,Person
Barbara Acklin,Vrouw,Person
Ferre Grignard,Man,Person
Rock & Roll Record Girl,?,Featuring
Peter Bjorn & John & Victoria Bergsman,?,Featuring
Dexy's Midnight Runners & The Emerald Express,?,Featuring
James Hype/Miggy Dela Rosa,?,Featuring
Polle Eduard,Man,Person
Bob Marley & Funkstar De Luxe,?,Featuring
David Guetta & Becky Hill & Ella Henderson,?,Featuring
Keith West,Man,Person
Jessie Ware,Vrouw,Person
Stephen 'Tin Tin' Duffy,Man,Person
Paul De Leeuw & Alderliefste,?,Featuring
Robin Schulz & Topic Ft. Oaks,?,Featuring
Portishead,Man,Group
Avicii Ft. Sandro Cavazza,?,Featuring
Fred Again..,Man,Person
Jeroen Van Der Boom,Man,Person
The Stories,Man,Group
The Flower Pot Men,Man,Group
The Beautiful South,Man,Group
"$, YE, TY DOLLA SIGN",Man,Person
Benny Neyman & Bonnie St. Claire,?,Featuring
Pip Blom,Vrouw,Group
The Blue Nile,Man,Group
Anne Murray,Vrouw,Person
Mary Wells,Vrouw,Person
Dr. Hook & The Medicine Show,?,Featuring
Rheingold,Man,Group
Vesta Williams,Vrouw,Person
Queensryche,Man,Group
Stephanie Mills,Vrouw,Person
Blanks,Man,Person
"Neema, Wantigga",Man,Person
The Opposites,Man,Group
Snoop Dogg & Justin Timberlake & Charlie Wilson,?,Featuring
André Hazes Jr.,Man,Person
Jaki Graham & David Grant,?,Featuring
Porcupine Tree,Man,Group
Fifth Harmony & Ty Dolla $Ign,?,Featuring
Jeannie C. Riley,Vrouw,Person
Pras Michel Ft. Ol' Dirty Bastard & Mya,?,Featuring
David Gates,Man,Person
Maarten van Roozendaal,Man,Person
Gruppo Sportivo,Man,Group
Maryn Charlie,?,Error'artist-relation-list'
The Strokes,Man,Group
Regard & RAYE,?,Featuring
Nino Tempo & April Stevens,?,Featuring
Kyteman,Man,Person
Andreas Johnson,Man,Person
Jan & Dean,?,Featuring
Wamdue Project,Man,Person
Wiz Khalifa & Charlie Puth,?,Featuring
Bucks Fizz,Man,Group
John Leyton,Man,Person
Joe Buck,Man,Person
Chicken Shack,Man,Group
Boris Gardiner,Man,Person
Rihanna & Mikky Ekko,?,Featuring
Harold Melvin & The Blue Notes,?,Featuring
After Tea,?,Featuring
Rockefeller,Man,Group
Walker Brothers,?,Error'artist-relation-list'
Santana & Wyclef Jean,?,Featuring
Santabarbara,?,Error'artist-relation-list'
Kenny Rogers & Sheena Easton,?,Featuring
Ritchie Family,Man,Group
Cupid's Inspiration,Man,Group
Lee Dorsey,Man,Person
Tony Joe White,Man,Person
The Belle Stars,Vrouw,Group
Electric Six,Man,Group
Snoop Dogg Ft. Justin Timberlake,?,Featuring
Chesney Hawkes,Man,Person
Tiesto ft Rita Ora,?,Featuring
Dj Tiesto,Man,Person
Dan Baird,Man,Person
Stefan & Sean & Bram Krikke,?,Featuring
Jackson 5,Man,Group
Elkie Brooks,Vrouw,Person
Royal Guardsmen,?,Error'artist-relation-list'
Wim Kersten,Man,Person
Assekruus,?,Error'artist-relation-list'
De Deurzakkers,?,Error'artist-relation-list'
Earth And Fire,Man,Group
Van Alles We,?,Error'artist-relation-list'
Pjotr,Man,Person
Brainpower,Man,Person
Lynn Anderson,Vrouw,Person
Buffalo Springfield,Man,Group
Zouk Machine,Man,Group
Brian Poole & the Tremeloes,?,Featuring
Julie Rogers,Vrouw,Person
Canned Heat,Man,Group
The Pasadenas,Man,Group
Wesly Bronkhorst,Man,Person
Gilbert O�Sullivan,Man,Person
C. Jerome,Man,Person
The Braxtons,Vrouw,Group
Jenny Bee,Vrouw,Person
Toybox,?,Error'artist-relation-list'
Ne-Yo,Man,Person
Harpo,Man,Person
Flamman & Abraxas,?,Featuring
Warren G & Nate Dogg,?,Featuring
De Sjonnies,Man,Group
Vader Abraham,Man,Person
Strike,Man,Group
Moony,Vrouw,Person
Wes,Man,Person
John Fogerty,Man,Person
Rex Gildo,Man,Person
Pebbles,Vrouw,Person
The Naked And Famous,Man,Group
The Scorpions,Man,Group
Kungs Vs Cookin On 3 Burners,Man,Group
Suzi Quatro & Chris Norman,?,Featuring
Mason Vs Princess Superstar,Vrouw,Person
Grooveyard,Man,Person
Two Man Sound,Man,Group
Tiësto & Tate Mcrae,?,Featuring
Meau & Racoon,?,Featuring
The Blessed Madonna,Vrouw,Person
Mumford & Sons Feat. Pharrell Williams,?,Featuring
Five Americans,Man,Group
Bloodhound Gang,Man,Group
Sigma,Man,Group
Pitbull Ft Christina Aguilera,?,Featuring
Gipsy Kings,Man,Group
Jovanotti,Man,Person
Tatu,Vrouw,Group
Honeycombs,Man,Group
Gordon,Man,Person
Culture Beat,Man,Group
Tambourine,Man,Group
Nick MacKenzie,Man,Person
Vader Abraham & Boer Koekoek,?,Featuring
The Mo,Man,Group
Macklemore Ft. Ryan Lewis & Wanz,?,Featuring
Shermanology,Man,Group
Magic!,?,Error'artist-relation-list'
Lia Velasco,Vrouw,Person
Chantal & Jan,?,Featuring
Sjakie Schram,Man,Person
BJ Thomas,Man,Person
Rednex,Man,Group
Armin Van Buuren & Punctual Feat. Alika,?,Featuring
Busted,Man,Group
Henk Dissel,Man,Person
The Marmalade,Man,Group
Lipstick,Man,Group
Hearts Of Soul,Vrouw,Group
Unit Gloria,Man,Group
Sean Paul & Alexis Jordan,?,Featuring
Captain Jack,Man,Group
In-Grid,Vrouw,Person
John Mayall,Man,Person
Oscar Harris,Man,Person
"Dozy, Beaky, Mick & Tich",?,Featuring
Seth Gaaikema,Man,Person
Ed & Willem Bever,?,Featuring
Adele Piet & Leen,?,Featuring
David Guetta & Mason Vs Princess Superstar,?,Featuring
D.C. Lewis,Man,Person
"Kungs, David Guetta, Izzy Bizu",Vrouw,Person
Go West,Man,Group
Crystals,Man,Group
The Box Tops,Man,Group
World Party,Man,Group
Pickettywitch,Man,Group
Baha Men,Man,Group
Apollonia,Vrouw,Person
Klf,Man,Group
Doja Cat & Sza,?,Featuring
Marco Schuitmaker & Stephan Bouwman,?,Featuring
Hayley May,Vrouw,Person
Edwin Starr,Man,Person
Cookie Crew,Vrouw,Group
Enigma,Man,Group
Zig & Zag,?,Featuring
Johnny Mathis & Deniece Williams,?,Featuring
The Veronicas,Man,Group
Christine & The Queens,?,Featuring
Red Carpet,Man,Group
girl in red,Vrouw,Person
Bandolero,Man,Group
Sim-Oj,?,Error'artist-relation-list'
Little Simz,Vrouw,Person
The Sweet Inspirations,Vrouw,Group
Jax Jones Feat. Raye,?,Featuring
Mc Miker & Dj Sven,?,Featuring
Kym Sims,Vrouw,Person
War,Man,Group
Fat Dog,Man,Person
Cassius,Man,Group
Michael Jackson Feat. Will.I.Am,?,Featuring
Jellybean,Man,Person
Long John Baldry,Man,Person
The Megamixes  #03,Man,Person
Kristine W,Vrouw,Person
Willem Ardui,Man,Person
Fruitcake,Man,Group
Wolf Alice,Man,Group
Chicory Tip,?,Error'artist-relation-list'
Beth Gibbons,Vrouw,Person
Steve Rowland and the Family Dogg,Man,Group
Patrick Cowley & Sylvester,?,Featuring
Alt-J,Man,Group
Nadieh,Vrouw,Person
Holly Humberstone,Vrouw,Person
Taio Cruz & Ludacris,?,Featuring
Yin Yin,Man,Group
Andy Kim,Man,Person
Johan Verminnen,Man,Person
Wies Ft. Noor,?,Featuring
Mighty Sparrow & Byron Lee,?,Featuring
DJ Koze,Man,Person
Los Bravos,Man,Group
John Travolta,Man,Person
Willeke Alberti en Andre van Duin,Vrouw,Person
Library Card,?,Error'artist-relation-list'
Lou Rawls,Man,Person
Armin Van Buuren Feat Trevor Guthrie,Man,Person
Detroit Emeralds,Man,Group
Cliff Bennett & The Rebel Rousers,?,Featuring
Emerson Lake & Palmer,?,Featuring
Swinging Blue Jeans,Man,Group
Sam The Sham & Pharaohs,?,Featuring
Eddie Floyd,Man,Person
The Knack,Man,Group
Alice In Chains,Man,Group
The Classics,Man,Group
Joe Dassin,Man,Person
Asia,Man,Group
Hothouse Flowers,Man,Group
Reparata & The Delrons,?,Featuring
Placido Domingo & John Denver,?,Featuring
Darts,?,Error'artist-relation-list'
Beth Hart,Vrouw,Person
Chris Stussy,Man,Person
Bokkers,Man,Group
Gerard Lenorman,Man,Person
Tenacious D,Man,Group
Alan Price Set,Man,Group
Jewel Akens,Man,Person
Sammy Davis Jr,Man,Person
Crusaders ft. Randy Crawford,?,Featuring
Louis Neefs,Man,Person
Roots Syndicate,Man,Group
Ace,Man,Group
Marin Garrix Ft. Bonn,?,Featuring
The La's,Man,Group
Toby Keith,Man,Person
Salt 'n Pepa & En Vogue,?,Featuring
Wim Kersten & De Viltjes,?,Featuring
Eddie Cochran,Man,Person
Fink,Man,Person
Shawn Elliott,Man,Person
Marcels,?,Error'artist-relation-list'
De Twee Pinten,Man,Group
Aal,Man,Person
Egbert Douwe,Man,Person
Pete Murray,Man,Person
John Lee Hooker & Carlos Santana,?,Featuring
Kygo/Dnce,?,Featuring
Regento Stars,Man,Group
Diggy Dex ft. JW Roy,?,Featuring
Paul Anka,Man,Person
Tina Turner & Rod Stewart,?,Featuring
Pat Thomas & Kwashibu Area Band,?,Featuring
Reinhard Mey,Man,Person
Tom Robinson,Man,Person
City,Man,Group
Cult,Man,Group
No Mercy,Man,Group
"Marjolein Meijers, Jan Rot",Vrouw,Person
Martin Garrix Ft. Clinton Kane,?,Featuring
Dikke Mes & De Rès,?,Featuring
Jackson Browne & Clarence Clemons,?,Featuring
Alan Walker Feat. Sophia Somajo,?,Featuring
Marcel De Groot,Man,Person
Mary J Blige,Vrouw,Person
The O'Jays,Man,Group
Counting Crows & Bløf,?,Featuring
C&C Music Factory,?,Featuring
Ultra Nate,Vrouw,Person
ROONEY,Man,Group
Timebox,Man,Group
Alizée,Vrouw,Person
Toon Hermans en de dronken blaa,Man,Person
Leila K,Vrouw,Person
DJ Ötzi,Man,Person
Roots_Syndicate,Man,Group
Chas & Dave,?,Featuring
Nathalie Cole,Vrouw,Person
Emeli Sand�,Vrouw,Person
Bob Ft Bruno Mars,?,Featuring
The Maisonettes,Man,Group
Ocean Alley,?,Error'artist-relation-list'
Iggy Pop Ft. Kate Pierson,?,Featuring
Urbanus,Man,Person
Frans Duijts,Man,Person
Daddy Yankee,Man,Person
Tramaine,Vrouw,Person
Wim Bevelander,Man,Person
Armin Van Buuren & Billen Ted Ft. Jc Stewart,?,Featuring
Millie Scott,Vrouw,Person
Jonny & The Jazzuits,?,Featuring
David Hasselhoff,Man,Person
Dj Antoine & Timati,?,Featuring
Wim Pols & Country Trail Band,?,Featuring
Today,Man,Group
BeBe & CeCe Winans,?,Featuring
Nick Straker,Man,Person
Balthazar,Man,Group
Vanity 6,Vrouw,Group
SOS Band,Man,Group
Cherrelle & Alexander O'Neal,?,Featuring
Little Junior Parker,Man,Person
Elaine Paige,Vrouw,Person
Silk Sonic (Bruno Mars & Anderson .Paak,?,Featuring
Pino D'Angio,Man,Person
McFadden & Whitehead,?,Featuring
Melba Moore,Vrouw,Person
Chuck Berry,Man,Person
Dion & Danielle Nicole,?,Featuring
Louis Jordan,Man,Person
Charley Crockett,Man,Person
Joe Smooth,Man,Person
Childish Gambino,Man,Person
Colter Wall,Man,Person
Jimmie Vaughan,Man,Person
Victoria Monet,Vrouw,Person
Jordy van Loon,?,Person
Montell Jordan,Man,Person
Brook Benton,Man,Person
Nienke Dingemans,?,Person
Louis Davids,Man,Person
LCD Soundsystem,Man,Group
Magic Sam,Man,Person
The Red Clay Strays,Man,Group
Cory Wong & Dirty Loops,?,Featuring
Bob Wills and His Texas Playboys,Man,Group
Daft Punk Ft. Panda Bear,?,Featuring
Robyn,Vrouw,Person
Lindisfarne,Man,Group
Leon Bridges,Man,Person
People'S Choice,Man,Group
Armin Van Buuren & Sophie Ellis Bextor,?,Featuring
Kraak & Smaak feat. Berenice,?,Featuring
Diana Ross & Marvin Gaye,?,Featuring
St. Germain,Man,Person
Will To Power,Man,Group
The Source Ft. Candi Staton,?,Featuring
JAYDEE,Man,Person
Bell Biv Devoe,Man,Group
Coloray,Man,Person
Alfred Martens,Man,Person
Jocelyn Brown,Vrouw,Person
Rita Coolidge,Vrouw,Person
